"id","pseudo","nom","prenom","email","mot_de_passe","age","genre","date_naissance","type_membre","niveau","nb_connexions","nb_actions","statut","date_inscription"
"1","emmabernard1","Bernard","Emma","emma.bernard1@hopital.fr","hash_853359","54","F","1964-02-12","chirurgien","intermediaire","197","288","valide","2024-12-06 23:41:00"
"2","claireroux2","Roux","Claire","claire.roux2@hopital.fr","hash_102275","22","F","1980-10-18","infirmier","avance","98","449","valide","2025-05-05 12:32:00"
"3","emmagarcia3","Garcia","Emma","emma.garcia3@hopital.fr","hash_901266","44","F","1979-08-11","aide-soignant","avance","108","197","valide","2023-04-07 04:03:00"
"4","paulmoreau4","Moreau","Paul","paul.moreau4@hopital.fr","hash_481519","48","M","1992-05-04","medecin","debutant","115","61","valide","2023-01-27 07:06:00"
"5","nicolasrichard5","Richard","Nicolas","nicolas.richard5@hopital.fr","hash_757653","58","M","1959-06-23","infirmier","debutant","67","189","non valide","2024-06-21 21:40:00"
"6","paulroux6","Roux","Paul","paul.roux6@hopital.fr","hash_143664","54","M","1998-12-13","chirurgien","debutant","16","149","non valide","2024-05-29 08:13:00"
"7","alicedavid7","David","Alice","alice.david7@hopital.fr","hash_403354","40","F","2002-10-03","infirmier","debutant","187","32","valide","2025-09-09 11:55:00"
"8","sophiepetit8","Petit","Sophie","sophie.petit8@hopital.fr","hash_825624","63","F","2000-06-10","medecin","debutant","88","447","valide","2023-02-13 01:56:00"
"9","louislaurent9","Laurent","Louis","louis.laurent9@hopital.fr","hash_938990","30","M","1964-11-27","medecin","intermediaire","95","407","valide","2024-12-26 05:36:00"
"10","claireleroy10","Leroy","Claire","claire.leroy10@hopital.fr","hash_822744","44","F","1975-12-19","chirurgien","debutant","70","499","valide","2025-08-15 17:49:00"
"11","marieleroy11","Leroy","Marie","marie.leroy11@hopital.fr","hash_765719","41","F","1988-10-09","chirurgien","intermediaire","163","287","valide","2024-03-06 20:53:00"
"12","nicolasdurand12","Durand","Nicolas","nicolas.durand12@hopital.fr","hash_252465","38","M","1960-12-25","aide-soignant","debutant","182","168","valide","2024-08-26 02:46:00"
"13","emmabertrand13","Bertrand","Emma","emma.bertrand13@hopital.fr","hash_881289","33","F","1969-06-03","medecin","avance","168","351","valide","2025-12-18 03:55:00"
"14","alicemartin14","Martin","Alice","alice.martin14@hopital.fr","hash_324814","34","F","1984-04-22","patient","debutant","69","137","valide","2023-10-05 15:33:00"
"15","pierredubois15","Dubois","Pierre","pierre.dubois15@hopital.fr","hash_733671","22","M","1965-08-24","medecin","avance","151","333","non valide","2023-09-26 07:06:00"
"16","louisgarcia16","Garcia","Louis","louis.garcia16@hopital.fr","hash_449732","54","M","1964-06-07","aide-soignant","expert","187","91","valide","2023-05-22 08:05:00"
"17","thomasbernard17","Bernard","Thomas","thomas.bernard17@hopital.fr","hash_618233","43","M","1972-08-01","infirmier","intermediaire","163","109","valide","2023-04-27 05:57:00"
"18","thomassimon18","Simon","Thomas","thomas.simon18@hopital.fr","hash_196620","33","M","2000-03-14","infirmier","debutant","64","38","valide","2023-01-24 18:44:00"
"19","pierremartin19","Martin","Pierre","pierre.martin19@hopital.fr","hash_939814","53","M","1992-08-11","medecin","debutant","38","399","valide","2023-03-31 10:08:00"
"20","sarahbernard20","Bernard","Sarah","sarah.bernard20@hopital.fr","hash_962443","45","F","1996-07-26","medecin","intermediaire","47","180","valide","2023-05-04 13:10:00"
"21","emmamartin21","Martin","Emma","emma.martin21@hopital.fr","hash_283601","25","F","1976-05-01","patient","debutant","9","467","non valide","2024-08-27 20:26:00"
"22","jeanbertrand22","Bertrand","Jean","jean.bertrand22@hopital.fr","hash_201635","32","M","1964-06-06","infirmier","debutant","57","307","valide","2023-07-24 11:05:00"
"23","luciedurand23","Durand","Lucie","lucie.durand23@hopital.fr","hash_969298","63","F","1991-07-22","medecin","debutant","124","485","valide","2023-01-06 14:59:00"
"24","luciedavid24","David","Lucie","lucie.david24@hopital.fr","hash_751197","57","F","1976-08-28","chirurgien","debutant","183","72","valide","2024-10-31 15:41:00"
"25","sarahfournier25","Fournier","Sarah","sarah.fournier25@hopital.fr","hash_443506","58","F","1968-12-19","infirmier","debutant","60","457","non valide","2023-09-14 22:47:00"
"26","clairemoreau26","Moreau","Claire","claire.moreau26@hopital.fr","hash_259714","55","F","2000-12-23","chirurgien","avance","62","171","valide","2024-03-02 00:56:00"
"27","aliceleroy27","Leroy","Alice","alice.leroy27@hopital.fr","hash_385980","46","F","1979-07-01","medecin","debutant","142","223","valide","2025-02-19 08:21:00"
"28","claireleroy28","Leroy","Claire","claire.leroy28@hopital.fr","hash_413160","42","F","1996-01-19","patient","debutant","24","37","valide","2023-11-26 23:32:00"
"29","jeanlaurent29","Laurent","Jean","jean.laurent29@hopital.fr","hash_885541","35","M","1985-10-23","medecin","debutant","154","343","valide","2025-03-07 15:32:00"
"30","marclaurent30","Laurent","Marc","marc.laurent30@hopital.fr","hash_113635","31","M","1966-04-05","patient","intermediaire","75","210","valide","2025-03-20 17:39:00"
"31","romaindurand31","Durand","Romain","romain.durand31@hopital.fr","hash_465780","38","M","1988-03-07","chirurgien","debutant","0","46","non valide","2025-03-24 16:09:00"
"32","louismoreau32","Moreau","Louis","louis.moreau32@hopital.fr","hash_636757","57","M","1997-05-08","chirurgien","debutant","117","419","valide","2024-05-05 23:20:00"
"33","antoinebertrand33","Bertrand","Antoine","antoine.bertrand33@hopital.fr","hash_962631","54","M","1993-11-03","infirmier","debutant","11","444","valide","2025-07-11 03:48:00"
"34","clairemoreau34","Moreau","Claire","claire.moreau34@hopital.fr","hash_594540","26","F","1987-04-22","infirmier","intermediaire","192","190","valide","2025-07-22 06:18:00"
"35","camillelaurent35","Laurent","Camille","camille.laurent35@hopital.fr","hash_331852","58","F","1964-08-15","chirurgien","debutant","30","268","non valide","2024-10-14 22:08:00"
"36","sophiemartin36","Martin","Sophie","sophie.martin36@hopital.fr","hash_244859","24","F","1995-11-04","medecin","intermediaire","123","344","valide","2025-10-24 09:48:00"
"37","jeanroux37","Roux","Jean","jean.roux37@hopital.fr","hash_198415","65","M","1960-10-18","infirmier","debutant","188","108","valide","2025-06-29 21:59:00"
"38","sarahsimon38","Simon","Sarah","sarah.simon38@hopital.fr","hash_152927","56","F","2000-07-06","infirmier","debutant","132","243","valide","2024-03-20 14:34:00"
"39","pauldubois39","Dubois","Paul","paul.dubois39@hopital.fr","hash_650901","26","M","1981-12-18","infirmier","debutant","30","489","valide","2025-07-16 12:46:00"
"40","paulsimon40","Simon","Paul","paul.simon40@hopital.fr","hash_968937","35","M","1976-09-07","infirmier","avance","128","15","valide","2024-02-01 00:52:00"
"41","juliemichel41","Michel","Julie","julie.michel41@hopital.fr","hash_353475","44","F","1965-02-21","medecin","avance","191","254","valide","2023-12-28 09:07:00"
"42","sophieleroy42","Leroy","Sophie","sophie.leroy42@hopital.fr","hash_898296","51","F","1980-03-15","infirmier","intermediaire","144","60","valide","2023-06-12 16:16:00"
"43","mariedavid43","David","Marie","marie.david43@hopital.fr","hash_171386","26","F","1967-07-06","chirurgien","debutant","72","457","valide","2025-07-29 02:28:00"
"44","pierrerichard44","Richard","Pierre","pierre.richard44@hopital.fr","hash_586683","24","M","1990-02-21","patient","avance","184","11","valide","2023-07-20 18:58:00"
"45","claireleroy45","Leroy","Claire","claire.leroy45@hopital.fr","hash_325843","32","F","1998-05-18","chirurgien","avance","178","66","valide","2024-11-28 19:40:00"
"46","camillelaurent46","Laurent","Camille","camille.laurent46@hopital.fr","hash_696346","56","F","1983-11-02","chirurgien","intermediaire","178","61","valide","2023-01-21 17:39:00"
"47","luciepetit47","Petit","Lucie","lucie.petit47@hopital.fr","hash_439215","25","F","1994-06-23","patient","intermediaire","59","52","valide","2024-11-26 08:49:00"
"48","paulbernard48","Bernard","Paul","paul.bernard48@hopital.fr","hash_693165","45","M","1983-04-12","aide-soignant","expert","138","377","non valide","2025-07-01 19:23:00"
"49","mariegarcia49","Garcia","Marie","marie.garcia49@hopital.fr","hash_442636","43","F","1966-02-25","medecin","intermediaire","8","115","valide","2023-12-27 08:57:00"
"50","louismoreau50","Moreau","Louis","louis.moreau50@hopital.fr","hash_785182","38","M","1998-07-15","chirurgien","intermediaire","197","175","valide","2024-08-01 10:49:00"
